,Model,Compressor,error_bound,epochs,miou,class,iou,run,model_num
0,unet,sz3,base,10,0.2779247729847886,unlabeled,0.3574791106978734,0,18
1,unet,sz3,base,10,0.2779247729847886,road,0.8270447566690571,0,18
2,unet,sz3,base,10,0.2779247729847886,sidewalk,0.4366161304333935,0,18
3,unet,sz3,base,10,0.2779247729847886,building,0.6745011691202136,0,18
4,unet,sz3,base,10,0.2779247729847886,wall,0.14074301138443984,0,18
5,unet,sz3,base,10,0.2779247729847886,fence,0.10655026075975496,0,18
6,unet,sz3,base,10,0.2779247729847886,pole,0.01581783417347471,0,18
7,unet,sz3,base,10,0.2779247729847886,traffic light,0.0,0,18
8,unet,sz3,base,10,0.2779247729847886,traffic sign,0.003742216190324126,0,18
9,unet,sz3,base,10,0.2779247729847886,vegetation,0.6754208573965726,0,18
10,unet,sz3,base,10,0.2779247729847886,terrain,0.3187012723163268,0,18
11,unet,sz3,base,10,0.2779247729847886,sky,0.6401681038000163,0,18
12,unet,sz3,base,10,0.2779247729847886,person,0.21338244481466057,0,18
13,unet,sz3,base,10,0.2779247729847886,rider,0.014720428230639437,0,18
14,unet,sz3,base,10,0.2779247729847886,car,0.6229884914065686,0,18
15,unet,sz3,base,10,0.2779247729847886,truck,0.15252644766146994,0,18
16,unet,sz3,base,10,0.2779247729847886,bus,0.1481355622067415,0,18
17,unet,sz3,base,10,0.2779247729847886,train,0.0,0,18
18,unet,sz3,base,10,0.2779247729847886,motorcycle,0.10571332265947586,0,18
19,unet,sz3,base,10,0.2779247729847886,bicycle,0.10424403977476938,0,18
20,unet,sz3,1E-7,10,0.2837833303345849,unlabeled,0.3702359682874554,0,18
21,unet,sz3,1E-7,10,0.2837833303345849,road,0.8374254884167474,0,18
22,unet,sz3,1E-7,10,0.2837833303345849,sidewalk,0.4164703704084676,0,18
23,unet,sz3,1E-7,10,0.2837833303345849,building,0.6646086930672004,0,18
24,unet,sz3,1E-7,10,0.2837833303345849,wall,0.14312902596135077,0,18
25,unet,sz3,1E-7,10,0.2837833303345849,fence,0.08309952191287173,0,18
26,unet,sz3,1E-7,10,0.2837833303345849,pole,0.0021864369946913488,0,18
27,unet,sz3,1E-7,10,0.2837833303345849,traffic light,0.0,0,18
28,unet,sz3,1E-7,10,0.2837833303345849,traffic sign,0.0,0,18
29,unet,sz3,1E-7,10,0.2837833303345849,vegetation,0.6661024458842492,0,18
30,unet,sz3,1E-7,10,0.2837833303345849,terrain,0.3122944392104209,0,18
31,unet,sz3,1E-7,10,0.2837833303345849,sky,0.6287079719769774,0,18
32,unet,sz3,1E-7,10,0.2837833303345849,person,0.2108830375412614,0,18
33,unet,sz3,1E-7,10,0.2837833303345849,rider,0.009220745222374123,0,18
34,unet,sz3,1E-7,10,0.2837833303345849,car,0.6213300354837832,0,18
35,unet,sz3,1E-7,10,0.2837833303345849,truck,0.03501390940000687,0,18
36,unet,sz3,1E-7,10,0.2837833303345849,bus,0.2618061220109046,0,18
37,unet,sz3,1E-7,10,0.2837833303345849,train,0.22664119485932616,0,18
38,unet,sz3,1E-7,10,0.2837833303345849,motorcycle,0.0,0,18
39,unet,sz3,1E-7,10,0.2837833303345849,bicycle,0.1865112000536092,0,18
40,unet,sz3,1E-7,10,0.28579531682526443,unlabeled,0.39067999378528145,1,18
41,unet,sz3,1E-7,10,0.28579531682526443,road,0.8340733287851835,1,18
42,unet,sz3,1E-7,10,0.28579531682526443,sidewalk,0.4313963615077935,1,18
43,unet,sz3,1E-7,10,0.28579531682526443,building,0.6700657197211232,1,18
44,unet,sz3,1E-7,10,0.28579531682526443,wall,0.11881361114751234,1,18
45,unet,sz3,1E-7,10,0.28579531682526443,fence,0.08090513489991297,1,18
46,unet,sz3,1E-7,10,0.28579531682526443,pole,0.008540123857780087,1,18
47,unet,sz3,1E-7,10,0.28579531682526443,traffic light,6.519967400162999e-05,1,18
48,unet,sz3,1E-7,10,0.28579531682526443,traffic sign,0.003754362980416695,1,18
49,unet,sz3,1E-7,10,0.28579531682526443,vegetation,0.6801962431559266,1,18
50,unet,sz3,1E-7,10,0.28579531682526443,terrain,0.3028694991525919,1,18
51,unet,sz3,1E-7,10,0.28579531682526443,sky,0.6520303969420311,1,18
52,unet,sz3,1E-7,10,0.28579531682526443,person,0.19455544062952915,1,18
53,unet,sz3,1E-7,10,0.28579531682526443,rider,0.037536745307906835,1,18
54,unet,sz3,1E-7,10,0.28579531682526443,car,0.6112929604970612,1,18
55,unet,sz3,1E-7,10,0.28579531682526443,truck,0.31865569680408695,1,18
56,unet,sz3,1E-7,10,0.28579531682526443,bus,0.14617513801048415,1,18
57,unet,sz3,1E-7,10,0.28579531682526443,train,0.0012074594159474084,1,18
58,unet,sz3,1E-7,10,0.28579531682526443,motorcycle,0.08427528258477543,1,18
59,unet,sz3,1E-7,10,0.28579531682526443,bicycle,0.14881763764594322,1,18
60,unet,sz3,1E-7,10,0.2674989640357329,unlabeled,0.38206067815476213,2,18
61,unet,sz3,1E-7,10,0.2674989640357329,road,0.8265601174475866,2,18
62,unet,sz3,1E-7,10,0.2674989640357329,sidewalk,0.42487397688512457,2,18
63,unet,sz3,1E-7,10,0.2674989640357329,building,0.6563914290683747,2,18
64,unet,sz3,1E-7,10,0.2674989640357329,wall,0.18535001401045015,2,18
65,unet,sz3,1E-7,10,0.2674989640357329,fence,0.06900692840646651,2,18
66,unet,sz3,1E-7,10,0.2674989640357329,pole,0.0023291479384609944,2,18
67,unet,sz3,1E-7,10,0.2674989640357329,traffic light,0.0,2,18
68,unet,sz3,1E-7,10,0.2674989640357329,traffic sign,0.0,2,18
69,unet,sz3,1E-7,10,0.2674989640357329,vegetation,0.6614973428521325,2,18
70,unet,sz3,1E-7,10,0.2674989640357329,terrain,0.2862836102602184,2,18
71,unet,sz3,1E-7,10,0.2674989640357329,sky,0.5917127490660681,2,18
72,unet,sz3,1E-7,10,0.2674989640357329,person,0.16525578539057703,2,18
73,unet,sz3,1E-7,10,0.2674989640357329,rider,0.00047925715141530626,2,18
74,unet,sz3,1E-7,10,0.2674989640357329,car,0.6047296191828695,2,18
75,unet,sz3,1E-7,10,0.2674989640357329,truck,0.13174608744473296,2,18
76,unet,sz3,1E-7,10,0.2674989640357329,bus,0.14622495279429587,2,18
77,unet,sz3,1E-7,10,0.2674989640357329,train,0.041942126368267045,2,18
78,unet,sz3,1E-7,10,0.2674989640357329,motorcycle,0.020714285714285713,2,18
79,unet,sz3,1E-7,10,0.2674989640357329,bicycle,0.1528211725785701,2,18
80,unet,sz3,1E-6,10,0.299135322157327,unlabeled,0.3466472071700285,0,18
81,unet,sz3,1E-6,10,0.299135322157327,road,0.8390079478148056,0,18
82,unet,sz3,1E-6,10,0.299135322157327,sidewalk,0.4359960836470446,0,18
83,unet,sz3,1E-6,10,0.299135322157327,building,0.6758274714408098,0,18
84,unet,sz3,1E-6,10,0.299135322157327,wall,0.1369296697756491,0,18
85,unet,sz3,1E-6,10,0.299135322157327,fence,0.09241027531956736,0,18
86,unet,sz3,1E-6,10,0.299135322157327,pole,0.01905759162303665,0,18
87,unet,sz3,1E-6,10,0.299135322157327,traffic light,0.0,0,18
88,unet,sz3,1E-6,10,0.299135322157327,traffic sign,0.006898051152310551,0,18
89,unet,sz3,1E-6,10,0.299135322157327,vegetation,0.678361945040388,0,18
90,unet,sz3,1E-6,10,0.299135322157327,terrain,0.33464192176631274,0,18
91,unet,sz3,1E-6,10,0.299135322157327,sky,0.6394402172004576,0,18
92,unet,sz3,1E-6,10,0.299135322157327,person,0.22165683760338045,0,18
93,unet,sz3,1E-6,10,0.299135322157327,rider,0.04332337393702597,0,18
94,unet,sz3,1E-6,10,0.299135322157327,car,0.6266356861387805,0,18
95,unet,sz3,1E-6,10,0.299135322157327,truck,0.26003294203770033,0,18
96,unet,sz3,1E-6,10,0.299135322157327,bus,0.2634153284765984,0,18
97,unet,sz3,1E-6,10,0.299135322157327,train,0.12817303359535373,0,18
98,unet,sz3,1E-6,10,0.299135322157327,motorcycle,0.0714714387036936,0,18
99,unet,sz3,1E-6,10,0.299135322157327,bicycle,0.16277942070359722,0,18
100,unet,sz3,1E-6,10,0.3002305468327708,unlabeled,0.37900771921570675,1,18
101,unet,sz3,1E-6,10,0.3002305468327708,road,0.8326623549849312,1,18
102,unet,sz3,1E-6,10,0.3002305468327708,sidewalk,0.43825174729638183,1,18
103,unet,sz3,1E-6,10,0.3002305468327708,building,0.6805521953503711,1,18
104,unet,sz3,1E-6,10,0.3002305468327708,wall,0.22138365788713868,1,18
105,unet,sz3,1E-6,10,0.3002305468327708,fence,0.11527138621122106,1,18
106,unet,sz3,1E-6,10,0.3002305468327708,pole,0.01362077495908693,1,18
107,unet,sz3,1E-6,10,0.3002305468327708,traffic light,0.0,1,18
108,unet,sz3,1E-6,10,0.3002305468327708,traffic sign,0.0053928441860237085,1,18
109,unet,sz3,1E-6,10,0.3002305468327708,vegetation,0.6782547265193832,1,18
110,unet,sz3,1E-6,10,0.3002305468327708,terrain,0.31552443294260923,1,18
111,unet,sz3,1E-6,10,0.3002305468327708,sky,0.6499794566762033,1,18
112,unet,sz3,1E-6,10,0.3002305468327708,person,0.22821599394826142,1,18
113,unet,sz3,1E-6,10,0.3002305468327708,rider,0.023590608744552228,1,18
114,unet,sz3,1E-6,10,0.3002305468327708,car,0.6293116984260574,1,18
115,unet,sz3,1E-6,10,0.3002305468327708,truck,0.2124562072283033,1,18
116,unet,sz3,1E-6,10,0.3002305468327708,bus,0.3180144756943575,1,18
117,unet,sz3,1E-6,10,0.3002305468327708,train,0.018674908584363572,1,18
118,unet,sz3,1E-6,10,0.3002305468327708,motorcycle,0.08584842387659289,1,18
119,unet,sz3,1E-6,10,0.3002305468327708,bicycle,0.1585973239238708,1,18
120,unet,sz3,1E-5,10,0.27338242468640594,unlabeled,0.3580991718622233,0,18
121,unet,sz3,1E-5,10,0.27338242468640594,road,0.837320207369904,0,18
122,unet,sz3,1E-5,10,0.27338242468640594,sidewalk,0.4326369590874253,0,18
123,unet,sz3,1E-5,10,0.27338242468640594,building,0.665972317262345,0,18
124,unet,sz3,1E-5,10,0.27338242468640594,wall,0.07068319545374538,0,18
125,unet,sz3,1E-5,10,0.27338242468640594,fence,0.055874349683477376,0,18
126,unet,sz3,1E-5,10,0.27338242468640594,pole,0.004438754861074452,0,18
127,unet,sz3,1E-5,10,0.27338242468640594,traffic light,0.0,0,18
128,unet,sz3,1E-5,10,0.27338242468640594,traffic sign,2.002002002002002e-05,0,18
129,unet,sz3,1E-5,10,0.27338242468640594,vegetation,0.6757930281706206,0,18
130,unet,sz3,1E-5,10,0.27338242468640594,terrain,0.3271594480120235,0,18
131,unet,sz3,1E-5,10,0.27338242468640594,sky,0.6292466737188306,0,18
132,unet,sz3,1E-5,10,0.27338242468640594,person,0.23070467758020968,0,18
133,unet,sz3,1E-5,10,0.27338242468640594,rider,0.013192459801968766,0,18
134,unet,sz3,1E-5,10,0.27338242468640594,car,0.5870968187198272,0,18
135,unet,sz3,1E-5,10,0.27338242468640594,truck,0.16182435946330131,0,18
136,unet,sz3,1E-5,10,0.27338242468640594,bus,0.23242996206754718,0,18
137,unet,sz3,1E-5,10,0.27338242468640594,train,0.0067565072918589625,0,18
138,unet,sz3,1E-5,10,0.27338242468640594,motorcycle,0.02968305707746723,0,18
139,unet,sz3,1E-5,10,0.27338242468640594,bicycle,0.14871652622424805,0,18
140,unet,sz3,1E-4,10,0.28439937854810243,unlabeled,0.36125181091058,0,18
141,unet,sz3,1E-4,10,0.28439937854810243,road,0.8389454878888972,0,18
142,unet,sz3,1E-4,10,0.28439937854810243,sidewalk,0.43423986261687864,0,18
143,unet,sz3,1E-4,10,0.28439937854810243,building,0.679593160462214,0,18
144,unet,sz3,1E-4,10,0.28439937854810243,wall,0.2063452777799262,0,18
145,unet,sz3,1E-4,10,0.28439937854810243,fence,0.08709997318081743,0,18
146,unet,sz3,1E-4,10,0.28439937854810243,pole,0.01286704479212319,0,18
147,unet,sz3,1E-4,10,0.28439937854810243,traffic light,9.7911227154047e-05,0,18
148,unet,sz3,1E-4,10,0.28439937854810243,traffic sign,0.00225805173711524,0,18
149,unet,sz3,1E-4,10,0.28439937854810243,vegetation,0.6784304652630111,0,18
150,unet,sz3,1E-4,10,0.28439937854810243,terrain,0.3485253087796203,0,18
151,unet,sz3,1E-4,10,0.28439937854810243,sky,0.6658358973227907,0,18
152,unet,sz3,1E-4,10,0.28439937854810243,person,0.18324224811108178,0,18
153,unet,sz3,1E-4,10,0.28439937854810243,rider,0.060626630746059694,0,18
154,unet,sz3,1E-4,10,0.28439937854810243,car,0.6152099527953304,0,18
155,unet,sz3,1E-4,10,0.28439937854810243,truck,0.21361918261280416,0,18
156,unet,sz3,1E-4,10,0.28439937854810243,bus,0.07795799387099185,0,18
157,unet,sz3,1E-4,10,0.28439937854810243,train,0.0,0,18
158,unet,sz3,1E-4,10,0.28439937854810243,motorcycle,0.06583473614872283,0,18
159,unet,sz3,1E-4,10,0.28439937854810243,bicycle,0.15600657471592938,0,18
160,unet,sz3,1E-4,10,0.2865395935896539,unlabeled,0.3319229587916322,2,18
161,unet,sz3,1E-4,10,0.2865395935896539,road,0.8355522942059126,2,18
162,unet,sz3,1E-4,10,0.2865395935896539,sidewalk,0.4028334888171731,2,18
163,unet,sz3,1E-4,10,0.2865395935896539,building,0.6628916413382943,2,18
164,unet,sz3,1E-4,10,0.2865395935896539,wall,0.14189897467815377,2,18
165,unet,sz3,1E-4,10,0.2865395935896539,fence,0.08225105316554351,2,18
166,unet,sz3,1E-4,10,0.2865395935896539,pole,0.004188509030111984,2,18
167,unet,sz3,1E-4,10,0.2865395935896539,traffic light,0.0,2,18
168,unet,sz3,1E-4,10,0.2865395935896539,traffic sign,0.0,2,18
169,unet,sz3,1E-4,10,0.2865395935896539,vegetation,0.6672855484763988,2,18
170,unet,sz3,1E-4,10,0.2865395935896539,terrain,0.31392270380222187,2,18
171,unet,sz3,1E-4,10,0.2865395935896539,sky,0.6510966324279301,2,18
172,unet,sz3,1E-4,10,0.2865395935896539,person,0.21240554895793912,2,18
173,unet,sz3,1E-4,10,0.2865395935896539,rider,0.010180931314162554,2,18
174,unet,sz3,1E-4,10,0.2865395935896539,car,0.609980416092594,2,18
175,unet,sz3,1E-4,10,0.2865395935896539,truck,0.26227665365045555,2,18
176,unet,sz3,1E-4,10,0.2865395935896539,bus,0.2015556219241407,2,18
177,unet,sz3,1E-4,10,0.2865395935896539,train,0.14297874535699545,2,18
178,unet,sz3,1E-4,10,0.2865395935896539,motorcycle,0.04574072669346886,2,18
179,unet,sz3,1E-4,10,0.2865395935896539,bicycle,0.1518294230699496,2,18
180,unet,sz3,1E-3,10,0.26863169969304085,unlabeled,0.2747763356056137,0,18
181,unet,sz3,1E-3,10,0.26863169969304085,road,0.8155506966088026,0,18
182,unet,sz3,1E-3,10,0.26863169969304085,sidewalk,0.4124735160986334,0,18
183,unet,sz3,1E-3,10,0.26863169969304085,building,0.6265807789403942,0,18
184,unet,sz3,1E-3,10,0.26863169969304085,wall,0.15599158538917576,0,18
185,unet,sz3,1E-3,10,0.26863169969304085,fence,0.07698315505348395,0,18
186,unet,sz3,1E-3,10,0.26863169969304085,pole,0.007272648329461824,0,18
187,unet,sz3,1E-3,10,0.26863169969304085,traffic light,0.0,0,18
188,unet,sz3,1E-3,10,0.26863169969304085,traffic sign,0.0,0,18
189,unet,sz3,1E-3,10,0.26863169969304085,vegetation,0.6075574203263957,0,18
190,unet,sz3,1E-3,10,0.26863169969304085,terrain,0.26835156789419784,0,18
191,unet,sz3,1E-3,10,0.26863169969304085,sky,0.6532946577860712,0,18
192,unet,sz3,1E-3,10,0.26863169969304085,person,0.2159915427832901,0,18
193,unet,sz3,1E-3,10,0.26863169969304085,rider,0.017870135917809015,0,18
194,unet,sz3,1E-3,10,0.26863169969304085,car,0.6217788834861158,0,18
195,unet,sz3,1E-3,10,0.26863169969304085,truck,0.24413910210871034,0,18
196,unet,sz3,1E-3,10,0.26863169969304085,bus,0.10401469098277609,0,18
197,unet,sz3,1E-3,10,0.26863169969304085,train,0.05034261905581764,0,18
198,unet,sz3,1E-3,10,0.26863169969304085,motorcycle,0.09325692170288777,0,18
199,unet,sz3,1E-3,10,0.26863169969304085,bicycle,0.1264077357911804,0,18
200,unet,sz3,1E-3,10,0.2806593828424301,unlabeled,0.3192042118288419,1,18
201,unet,sz3,1E-3,10,0.2806593828424301,road,0.8280763522090607,1,18
202,unet,sz3,1E-3,10,0.2806593828424301,sidewalk,0.43528323422905313,1,18
203,unet,sz3,1E-3,10,0.2806593828424301,building,0.6423766066601211,1,18
204,unet,sz3,1E-3,10,0.2806593828424301,wall,0.14489841817227678,1,18
205,unet,sz3,1E-3,10,0.2806593828424301,fence,0.06028532535365832,1,18
206,unet,sz3,1E-3,10,0.2806593828424301,pole,0.012090528799742572,1,18
207,unet,sz3,1E-3,10,0.2806593828424301,traffic light,0.0,1,18
208,unet,sz3,1E-3,10,0.2806593828424301,traffic sign,0.0,1,18
209,unet,sz3,1E-3,10,0.2806593828424301,vegetation,0.6136630869433299,1,18
210,unet,sz3,1E-3,10,0.2806593828424301,terrain,0.27190876948359144,1,18
211,unet,sz3,1E-3,10,0.2806593828424301,sky,0.6525346587584254,1,18
212,unet,sz3,1E-3,10,0.2806593828424301,person,0.2222638959585406,1,18
213,unet,sz3,1E-3,10,0.2806593828424301,rider,0.03970640705438606,1,18
214,unet,sz3,1E-3,10,0.2806593828424301,car,0.6112200102092905,1,18
215,unet,sz3,1E-3,10,0.2806593828424301,truck,0.31784781978149473,1,18
216,unet,sz3,1E-3,10,0.2806593828424301,bus,0.2167470965689134,1,18
217,unet,sz3,1E-3,10,0.2806593828424301,train,0.0,1,18
218,unet,sz3,1E-3,10,0.2806593828424301,motorcycle,0.0712380757000718,1,18
219,unet,sz3,1E-3,10,0.2806593828424301,bicycle,0.1538431591378035,1,18
220,unet,sz3,1E-3,10,0.2772942868073924,unlabeled,0.3196979335124592,2,18
221,unet,sz3,1E-3,10,0.2772942868073924,road,0.8162181449370235,2,18
222,unet,sz3,1E-3,10,0.2772942868073924,sidewalk,0.43133045012817406,2,18
223,unet,sz3,1E-3,10,0.2772942868073924,building,0.6469775735642553,2,18
224,unet,sz3,1E-3,10,0.2772942868073924,wall,0.1583688330602585,2,18
225,unet,sz3,1E-3,10,0.2772942868073924,fence,0.06366788357048757,2,18
226,unet,sz3,1E-3,10,0.2772942868073924,pole,0.012821269811814126,2,18
227,unet,sz3,1E-3,10,0.2772942868073924,traffic light,0.0,2,18
228,unet,sz3,1E-3,10,0.2772942868073924,traffic sign,0.0,2,18
229,unet,sz3,1E-3,10,0.2772942868073924,vegetation,0.6231307640728568,2,18
230,unet,sz3,1E-3,10,0.2772942868073924,terrain,0.2280295713131534,2,18
231,unet,sz3,1E-3,10,0.2772942868073924,sky,0.6517879791913018,2,18
232,unet,sz3,1E-3,10,0.2772942868073924,person,0.1853759406919908,2,18
233,unet,sz3,1E-3,10,0.2772942868073924,rider,0.013038291103283717,2,18
234,unet,sz3,1E-3,10,0.2772942868073924,car,0.6051077297503534,2,18
235,unet,sz3,1E-3,10,0.2772942868073924,truck,0.3225538282483997,2,18
236,unet,sz3,1E-3,10,0.2772942868073924,bus,0.17591825067886238,2,18
237,unet,sz3,1E-3,10,0.2772942868073924,train,0.05771273456862976,2,18
238,unet,sz3,1E-3,10,0.2772942868073924,motorcycle,0.09830078998360411,2,18
239,unet,sz3,1E-3,10,0.2772942868073924,bicycle,0.1358477679609393,2,18
240,unet,sz3,1E-2,10,0.14331571777049648,unlabeled,0.11665092041281905,0,18
241,unet,sz3,1E-2,10,0.14331571777049648,road,0.7205576564056748,0,18
242,unet,sz3,1E-2,10,0.14331571777049648,sidewalk,0.24770362471305285,0,18
243,unet,sz3,1E-2,10,0.14331571777049648,building,0.430874825889858,0,18
244,unet,sz3,1E-2,10,0.14331571777049648,wall,0.002971095229037021,0,18
245,unet,sz3,1E-2,10,0.14331571777049648,fence,0.0,0,18
246,unet,sz3,1E-2,10,0.14331571777049648,pole,4.466259641538001e-06,0,18
247,unet,sz3,1E-2,10,0.14331571777049648,traffic light,0.0,0,18
248,unet,sz3,1E-2,10,0.14331571777049648,traffic sign,0.0,0,18
249,unet,sz3,1E-2,10,0.14331571777049648,vegetation,0.3301428269450745,0,18
250,unet,sz3,1E-2,10,0.14331571777049648,terrain,0.02596835859391792,0,18
251,unet,sz3,1E-2,10,0.14331571777049648,sky,0.3096044710586089,0,18
252,unet,sz3,1E-2,10,0.14331571777049648,person,0.10336068944248364,0,18
253,unet,sz3,1E-2,10,0.14331571777049648,rider,0.0,0,18
254,unet,sz3,1E-2,10,0.14331571777049648,car,0.4526537330099281,0,18
255,unet,sz3,1E-2,10,0.14331571777049648,truck,0.0721688471893318,0,18
256,unet,sz3,1E-2,10,0.14331571777049648,bus,0.05098448075476858,0,18
257,unet,sz3,1E-2,10,0.14331571777049648,train,0.0026683595057326558,0,18
258,unet,sz3,1E-2,10,0.14331571777049648,motorcycle,0.0,0,18
259,unet,sz3,1E-2,10,0.14331571777049648,bicycle,0.0,0,18
260,unet,sz3,1E-2,10,0.15060787451800894,unlabeled,0.09289666945590644,1,18
261,unet,sz3,1E-2,10,0.15060787451800894,road,0.7308064100663586,1,18
262,unet,sz3,1E-2,10,0.15060787451800894,sidewalk,0.16452119792950456,1,18
263,unet,sz3,1E-2,10,0.15060787451800894,building,0.29074454073015343,1,18
264,unet,sz3,1E-2,10,0.15060787451800894,wall,0.006374608851139919,1,18
265,unet,sz3,1E-2,10,0.15060787451800894,fence,0.009838358472272995,1,18
266,unet,sz3,1E-2,10,0.15060787451800894,pole,0.000941218256082401,1,18
267,unet,sz3,1E-2,10,0.15060787451800894,traffic light,0.0,1,18
268,unet,sz3,1E-2,10,0.15060787451800894,traffic sign,0.0,1,18
269,unet,sz3,1E-2,10,0.15060787451800894,vegetation,0.38746819420472495,1,18
270,unet,sz3,1E-2,10,0.15060787451800894,terrain,0.07724393700653753,1,18
271,unet,sz3,1E-2,10,0.15060787451800894,sky,0.562949779616678,1,18
272,unet,sz3,1E-2,10,0.15060787451800894,person,0.10272357988841398,1,18
273,unet,sz3,1E-2,10,0.15060787451800894,rider,0.0,1,18
274,unet,sz3,1E-2,10,0.15060787451800894,car,0.45924574001156293,1,18
275,unet,sz3,1E-2,10,0.15060787451800894,truck,0.09234929428835247,1,18
276,unet,sz3,1E-2,10,0.15060787451800894,bus,0.03404483083011645,1,18
277,unet,sz3,1E-2,10,0.15060787451800894,train,0.0,1,18
278,unet,sz3,1E-2,10,0.15060787451800894,motorcycle,0.0,1,18
279,unet,sz3,1E-2,10,0.15060787451800894,bicycle,9.130752373995617e-06,1,18
280,unet,sz3,1E-1,10,0.17778947080353547,unlabeled,0.23992199460156313,0,18
281,unet,sz3,1E-1,10,0.17778947080353547,road,0.7632333903100033,0,18
282,unet,sz3,1E-1,10,0.17778947080353547,sidewalk,0.2026001505732255,0,18
283,unet,sz3,1E-1,10,0.17778947080353547,building,0.48069357123484946,0,18
284,unet,sz3,1E-1,10,0.17778947080353547,wall,0.02869364562526792,0,18
285,unet,sz3,1E-1,10,0.17778947080353547,fence,0.00197403936798511,0,18
286,unet,sz3,1E-1,10,0.17778947080353547,pole,0.00021947308543325778,0,18
287,unet,sz3,1E-1,10,0.17778947080353547,traffic light,0.0,0,18
288,unet,sz3,1E-1,10,0.17778947080353547,traffic sign,0.0,0,18
289,unet,sz3,1E-1,10,0.17778947080353547,vegetation,0.506467224777519,0,18
290,unet,sz3,1E-1,10,0.17778947080353547,terrain,0.010313525389919198,0,18
291,unet,sz3,1E-1,10,0.17778947080353547,sky,0.5864929082932455,0,18
292,unet,sz3,1E-1,10,0.17778947080353547,person,0.08675920401043549,0,18
293,unet,sz3,1E-1,10,0.17778947080353547,rider,0.0004274478513621338,0,18
294,unet,sz3,1E-1,10,0.17778947080353547,car,0.4319443416917052,0,18
295,unet,sz3,1E-1,10,0.17778947080353547,truck,0.10598475715657629,0,18
296,unet,sz3,1E-1,10,0.17778947080353547,bus,0.0282754803510714,0,18
297,unet,sz3,1E-1,10,0.17778947080353547,train,0.0,0,18
298,unet,sz3,1E-1,10,0.17778947080353547,motorcycle,0.0,0,18
299,unet,sz3,1E-1,10,0.17778947080353547,bicycle,0.08178826175054756,0,18
300,unet,sz3,1E-7,10,0.3829749507361644,unlabeled,0.45142555619920505,0,101
301,unet,sz3,1E-7,10,0.3829749507361644,road,0.882121011684396,0,101
302,unet,sz3,1E-7,10,0.3829749507361644,sidewalk,0.5333171284126903,0,101
303,unet,sz3,1E-7,10,0.3829749507361644,building,0.7574649001901016,0,101
304,unet,sz3,1E-7,10,0.3829749507361644,wall,0.15462230040066452,0,101
305,unet,sz3,1E-7,10,0.3829749507361644,fence,0.2031569758807912,0,101
306,unet,sz3,1E-7,10,0.3829749507361644,pole,0.07603223380953937,0,101
307,unet,sz3,1E-7,10,0.3829749507361644,traffic light,0.06428184627146179,0,101
308,unet,sz3,1E-7,10,0.3829749507361644,traffic sign,0.22737049418227992,0,101
309,unet,sz3,1E-7,10,0.3829749507361644,vegetation,0.7858285243140185,0,101
310,unet,sz3,1E-7,10,0.3829749507361644,terrain,0.41618337170178854,0,101
311,unet,sz3,1E-7,10,0.3829749507361644,sky,0.7945245018179987,0,101
312,unet,sz3,1E-7,10,0.3829749507361644,person,0.3927914000925055,0,101
313,unet,sz3,1E-7,10,0.3829749507361644,rider,0.0927430200656302,0,101
314,unet,sz3,1E-7,10,0.3829749507361644,car,0.7741359693890724,0,101
315,unet,sz3,1E-7,10,0.3829749507361644,truck,0.21255914668377576,0,101
316,unet,sz3,1E-7,10,0.3829749507361644,bus,0.3499299172651608,0,101
317,unet,sz3,1E-7,10,0.3829749507361644,train,0.1268931641424478,0,101
318,unet,sz3,1E-7,10,0.3829749507361644,motorcycle,0.02489229296314026,0,101
319,unet,sz3,1E-7,10,0.3829749507361644,bicycle,0.3392252592566195,0,101
320,unet,sz3,1E-7,10,0.4268592028569473,unlabeled,0.45961067247481624,1,101
321,unet,sz3,1E-7,10,0.4268592028569473,road,0.884609003902449,1,101
322,unet,sz3,1E-7,10,0.4268592028569473,sidewalk,0.5620344852463747,1,101
323,unet,sz3,1E-7,10,0.4268592028569473,building,0.7549020931600235,1,101
324,unet,sz3,1E-7,10,0.4268592028569473,wall,0.261674443834016,1,101
325,unet,sz3,1E-7,10,0.4268592028569473,fence,0.21954247483299916,1,101
326,unet,sz3,1E-7,10,0.4268592028569473,pole,0.13329801480435008,1,101
327,unet,sz3,1E-7,10,0.4268592028569473,traffic light,0.1757035197154873,1,101
328,unet,sz3,1E-7,10,0.4268592028569473,traffic sign,0.2750026873496118,1,101
329,unet,sz3,1E-7,10,0.4268592028569473,vegetation,0.7871763163070322,1,101
330,unet,sz3,1E-7,10,0.4268592028569473,terrain,0.42419921826986895,1,101
331,unet,sz3,1E-7,10,0.4268592028569473,sky,0.8026287433752634,1,101
332,unet,sz3,1E-7,10,0.4268592028569473,person,0.42410875165169576,1,101
333,unet,sz3,1E-7,10,0.4268592028569473,rider,0.13619561348265383,1,101
334,unet,sz3,1E-7,10,0.4268592028569473,car,0.7952573961820321,1,101
335,unet,sz3,1E-7,10,0.4268592028569473,truck,0.43768370738675383,1,101
336,unet,sz3,1E-7,10,0.4268592028569473,bus,0.40707603769848205,1,101
337,unet,sz3,1E-7,10,0.4268592028569473,train,0.15088649241454943,1,101
338,unet,sz3,1E-7,10,0.4268592028569473,motorcycle,0.07229982964224872,1,101
339,unet,sz3,1E-7,10,0.4268592028569473,bicycle,0.37329455540823747,1,101
340,unet,sz3,1E-7,10,0.45123607008850425,unlabeled,0.4799259722310087,2,101
341,unet,sz3,1E-7,10,0.45123607008850425,road,0.8978507747529834,2,101
342,unet,sz3,1E-7,10,0.45123607008850425,sidewalk,0.6035279727902181,2,101
343,unet,sz3,1E-7,10,0.45123607008850425,building,0.7751900499026738,2,101
344,unet,sz3,1E-7,10,0.45123607008850425,wall,0.2907693129852581,2,101
345,unet,sz3,1E-7,10,0.45123607008850425,fence,0.21406165019475132,2,101
346,unet,sz3,1E-7,10,0.45123607008850425,pole,0.15237570742241,2,101
347,unet,sz3,1E-7,10,0.45123607008850425,traffic light,0.1890257685352622,2,101
348,unet,sz3,1E-7,10,0.45123607008850425,traffic sign,0.30059888389818973,2,101
349,unet,sz3,1E-7,10,0.45123607008850425,vegetation,0.8032669823668945,2,101
350,unet,sz3,1E-7,10,0.45123607008850425,terrain,0.3728477341468844,2,101
351,unet,sz3,1E-7,10,0.45123607008850425,sky,0.821278013762978,2,101
352,unet,sz3,1E-7,10,0.45123607008850425,person,0.44799849280249326,2,101
353,unet,sz3,1E-7,10,0.45123607008850425,rider,0.20756459999472116,2,101
354,unet,sz3,1E-7,10,0.45123607008850425,car,0.8083093006488825,2,101
355,unet,sz3,1E-7,10,0.45123607008850425,truck,0.45036485943514837,2,101
356,unet,sz3,1E-7,10,0.45123607008850425,bus,0.4330735831152773,2,101
357,unet,sz3,1E-7,10,0.45123607008850425,train,0.23457304098436488,2,101
358,unet,sz3,1E-7,10,0.45123607008850425,motorcycle,0.12487465739688482,2,101
359,unet,sz3,1E-7,10,0.45123607008850425,bicycle,0.4172440444027988,2,101
360,unet,sz3,1E-6,10,0.4479595905935748,unlabeled,0.4664347979363574,0,101
361,unet,sz3,1E-6,10,0.4479595905935748,road,0.8901786512695072,0,101
362,unet,sz3,1E-6,10,0.4479595905935748,sidewalk,0.5704522405438907,0,101
363,unet,sz3,1E-6,10,0.4479595905935748,building,0.7725019288119301,0,101
364,unet,sz3,1E-6,10,0.4479595905935748,wall,0.19227070176001027,0,101
365,unet,sz3,1E-6,10,0.4479595905935748,fence,0.23276589343988907,0,101
366,unet,sz3,1E-6,10,0.4479595905935748,pole,0.16255656468244295,0,101
367,unet,sz3,1E-6,10,0.4479595905935748,traffic light,0.2139857202855943,0,101
368,unet,sz3,1E-6,10,0.4479595905935748,traffic sign,0.3023391524476444,0,101
369,unet,sz3,1E-6,10,0.4479595905935748,vegetation,0.8057724261544185,0,101
370,unet,sz3,1E-6,10,0.4479595905935748,terrain,0.3787387459968982,0,101
371,unet,sz3,1E-6,10,0.4479595905935748,sky,0.8127105349079818,0,101
372,unet,sz3,1E-6,10,0.4479595905935748,person,0.4275617239798793,0,101
373,unet,sz3,1E-6,10,0.4479595905935748,rider,0.24520386412082182,0,101
374,unet,sz3,1E-6,10,0.4479595905935748,car,0.814451083776945,0,101
375,unet,sz3,1E-6,10,0.4479595905935748,truck,0.41464219186588014,0,101
376,unet,sz3,1E-6,10,0.4479595905935748,bus,0.4445121305223011,0,101
377,unet,sz3,1E-6,10,0.4479595905935748,train,0.24292729564121507,0,101
378,unet,sz3,1E-6,10,0.4479595905935748,motorcycle,0.17464375067986512,0,101
379,unet,sz3,1E-6,10,0.4479595905935748,bicycle,0.39454241304802395,0,101
380,unet,sz3,1E-6,10,0.4423046718024245,unlabeled,0.4834283484249996,1,101
381,unet,sz3,1E-6,10,0.4423046718024245,road,0.8946547184914037,1,101
382,unet,sz3,1E-6,10,0.4423046718024245,sidewalk,0.5932983869986912,1,101
383,unet,sz3,1E-6,10,0.4423046718024245,building,0.7703270064905768,1,101
384,unet,sz3,1E-6,10,0.4423046718024245,wall,0.2742467482181526,1,101
385,unet,sz3,1E-6,10,0.4423046718024245,fence,0.20656691604322527,1,101
386,unet,sz3,1E-6,10,0.4423046718024245,pole,0.1255853455194284,1,101
387,unet,sz3,1E-6,10,0.4423046718024245,traffic light,0.15658700980392157,1,101
388,unet,sz3,1E-6,10,0.4423046718024245,traffic sign,0.2450417371329348,1,101
389,unet,sz3,1E-6,10,0.4423046718024245,vegetation,0.8020926800430809,1,101
390,unet,sz3,1E-6,10,0.4423046718024245,terrain,0.43114419129783826,1,101
391,unet,sz3,1E-6,10,0.4423046718024245,sky,0.8187108457527489,1,101
392,unet,sz3,1E-6,10,0.4423046718024245,person,0.43950426477150006,1,101
393,unet,sz3,1E-6,10,0.4423046718024245,rider,0.15185286103542234,1,101
394,unet,sz3,1E-6,10,0.4423046718024245,car,0.7789369981609514,1,101
395,unet,sz3,1E-6,10,0.4423046718024245,truck,0.40661626668019685,1,101
396,unet,sz3,1E-6,10,0.4423046718024245,bus,0.45641046528994067,1,101
397,unet,sz3,1E-6,10,0.4423046718024245,train,0.26760424862313137,1,101
398,unet,sz3,1E-6,10,0.4423046718024245,motorcycle,0.14219398973857805,1,101
399,unet,sz3,1E-6,10,0.4423046718024245,bicycle,0.4012904075317664,1,101
400,unet,sz3,1E-5,10,0.4188444691320191,unlabeled,0.4680770479385348,0,101
401,unet,sz3,1E-5,10,0.4188444691320191,road,0.8954917019474884,0,101
402,unet,sz3,1E-5,10,0.4188444691320191,sidewalk,0.5895848637414223,0,101
403,unet,sz3,1E-5,10,0.4188444691320191,building,0.7602608230845374,0,101
404,unet,sz3,1E-5,10,0.4188444691320191,wall,0.21136287758923517,0,101
405,unet,sz3,1E-5,10,0.4188444691320191,fence,0.20277224205214747,0,101
406,unet,sz3,1E-5,10,0.4188444691320191,pole,0.10890074873418959,0,101
407,unet,sz3,1E-5,10,0.4188444691320191,traffic light,0.1587911269912163,0,101
408,unet,sz3,1E-5,10,0.4188444691320191,traffic sign,0.2720063981486208,0,101
409,unet,sz3,1E-5,10,0.4188444691320191,vegetation,0.7942497116644334,0,101
410,unet,sz3,1E-5,10,0.4188444691320191,terrain,0.44402355169432206,0,101
411,unet,sz3,1E-5,10,0.4188444691320191,sky,0.804487572612898,0,101
412,unet,sz3,1E-5,10,0.4188444691320191,person,0.4164743534822275,0,101
413,unet,sz3,1E-5,10,0.4188444691320191,rider,0.17873186710341601,0,101
414,unet,sz3,1E-5,10,0.4188444691320191,car,0.794104119479663,0,101
415,unet,sz3,1E-5,10,0.4188444691320191,truck,0.2649611540859835,0,101
416,unet,sz3,1E-5,10,0.4188444691320191,bus,0.3948214635237536,0,101
417,unet,sz3,1E-5,10,0.4188444691320191,train,0.21307906652734238,0,101
418,unet,sz3,1E-5,10,0.4188444691320191,motorcycle,0.08923542296860332,0,101
419,unet,sz3,1E-5,10,0.4188444691320191,bicycle,0.31547326927034686,0,101
420,unet,sz3,1E-5,10,0.439887676401547,unlabeled,0.5075508155739349,1,101
421,unet,sz3,1E-5,10,0.439887676401547,road,0.8999577268355788,1,101
422,unet,sz3,1E-5,10,0.439887676401547,sidewalk,0.5786746824597792,1,101
423,unet,sz3,1E-5,10,0.439887676401547,building,0.7721592613389819,1,101
424,unet,sz3,1E-5,10,0.439887676401547,wall,0.25538539097734114,1,101
425,unet,sz3,1E-5,10,0.439887676401547,fence,0.21996636046060292,1,101
426,unet,sz3,1E-5,10,0.439887676401547,pole,0.0995470359340717,1,101
427,unet,sz3,1E-5,10,0.439887676401547,traffic light,0.18158064788020117,1,101
428,unet,sz3,1E-5,10,0.439887676401547,traffic sign,0.2870156334318645,1,101
429,unet,sz3,1E-5,10,0.439887676401547,vegetation,0.797893293411936,1,101
430,unet,sz3,1E-5,10,0.439887676401547,terrain,0.38744388407220615,1,101
431,unet,sz3,1E-5,10,0.439887676401547,sky,0.822709809578412,1,101
432,unet,sz3,1E-5,10,0.439887676401547,person,0.4346154575148946,1,101
433,unet,sz3,1E-5,10,0.439887676401547,rider,0.1786472550803761,1,101
434,unet,sz3,1E-5,10,0.439887676401547,car,0.7888269470638785,1,101
435,unet,sz3,1E-5,10,0.439887676401547,truck,0.43799628211599306,1,101
436,unet,sz3,1E-5,10,0.439887676401547,bus,0.4097418862992812,1,101
437,unet,sz3,1E-5,10,0.439887676401547,train,0.28647659704223205,1,101
438,unet,sz3,1E-5,10,0.439887676401547,motorcycle,0.09539824000896811,1,101
439,unet,sz3,1E-5,10,0.439887676401547,bicycle,0.35616632095040546,1,101
440,unet,sz3,1E-4,10,0.44560915556970154,unlabeled,0.4922502419335528,0,101
441,unet,sz3,1E-4,10,0.44560915556970154,road,0.9055360192544069,0,101
442,unet,sz3,1E-4,10,0.44560915556970154,sidewalk,0.586794324444389,0,101
443,unet,sz3,1E-4,10,0.44560915556970154,building,0.7738543629216759,0,101
444,unet,sz3,1E-4,10,0.44560915556970154,wall,0.20882257197580492,0,101
445,unet,sz3,1E-4,10,0.44560915556970154,fence,0.24030197762520858,0,101
446,unet,sz3,1E-4,10,0.44560915556970154,pole,0.1371062219677812,0,101
447,unet,sz3,1E-4,10,0.44560915556970154,traffic light,0.1769505795513523,0,101
448,unet,sz3,1E-4,10,0.44560915556970154,traffic sign,0.2869249600489613,0,101
449,unet,sz3,1E-4,10,0.44560915556970154,vegetation,0.7980461424336945,0,101
450,unet,sz3,1E-4,10,0.44560915556970154,terrain,0.43583445549589955,0,101
451,unet,sz3,1E-4,10,0.44560915556970154,sky,0.822565982343546,0,101
452,unet,sz3,1E-4,10,0.44560915556970154,person,0.4540133665916547,0,101
453,unet,sz3,1E-4,10,0.44560915556970154,rider,0.23913432702206705,0,101
454,unet,sz3,1E-4,10,0.44560915556970154,car,0.7955842244328228,0,101
455,unet,sz3,1E-4,10,0.44560915556970154,truck,0.3254006625481243,0,101
456,unet,sz3,1E-4,10,0.44560915556970154,bus,0.491658971991382,0,101
457,unet,sz3,1E-4,10,0.44560915556970154,train,0.21320056172603088,0,101
458,unet,sz3,1E-4,10,0.44560915556970154,motorcycle,0.1655325330682774,0,101
459,unet,sz3,1E-4,10,0.44560915556970154,bicycle,0.3626706240173967,0,101
460,unet,sz3,1E-4,10,0.43487570467253545,unlabeled,0.48434750304687163,2,101
461,unet,sz3,1E-4,10,0.43487570467253545,road,0.9031448270699085,2,101
462,unet,sz3,1E-4,10,0.43487570467253545,sidewalk,0.5973772171006523,2,101
463,unet,sz3,1E-4,10,0.43487570467253545,building,0.7644462698518801,2,101
464,unet,sz3,1E-4,10,0.43487570467253545,wall,0.12764555358716956,2,101
465,unet,sz3,1E-4,10,0.43487570467253545,fence,0.1956448239305464,2,101
466,unet,sz3,1E-4,10,0.43487570467253545,pole,0.15581937745392319,2,101
467,unet,sz3,1E-4,10,0.43487570467253545,traffic light,0.18114068018130752,2,101
468,unet,sz3,1E-4,10,0.43487570467253545,traffic sign,0.29871069159181984,2,101
469,unet,sz3,1E-4,10,0.43487570467253545,vegetation,0.7979572136067326,2,101
470,unet,sz3,1E-4,10,0.43487570467253545,terrain,0.4204347566632128,2,101
471,unet,sz3,1E-4,10,0.43487570467253545,sky,0.8058068584021773,2,101
472,unet,sz3,1E-4,10,0.43487570467253545,person,0.44175823438877915,2,101
473,unet,sz3,1E-4,10,0.43487570467253545,rider,0.19858084135833756,2,101
474,unet,sz3,1E-4,10,0.43487570467253545,car,0.7829225022870746,2,101
475,unet,sz3,1E-4,10,0.43487570467253545,truck,0.3288397577004033,2,101
476,unet,sz3,1E-4,10,0.43487570467253545,bus,0.4811997957971724,2,101
477,unet,sz3,1E-4,10,0.43487570467253545,train,0.23252224908688718,2,101
478,unet,sz3,1E-4,10,0.43487570467253545,motorcycle,0.10175459536882311,2,101
479,unet,sz3,1E-4,10,0.43487570467253545,bicycle,0.3974603449770304,2,101
480,unet,sz3,1E-3,10,0.32630406004758383,unlabeled,0.42049228774394,0,101
481,unet,sz3,1E-3,10,0.32630406004758383,road,0.8690491594895664,0,101
482,unet,sz3,1E-3,10,0.32630406004758383,sidewalk,0.4788701229860966,0,101
483,unet,sz3,1E-3,10,0.32630406004758383,building,0.7264538372460259,0,101
484,unet,sz3,1E-3,10,0.32630406004758383,wall,0.054671109465630016,0,101
485,unet,sz3,1E-3,10,0.32630406004758383,fence,0.09699801395325151,0,101
486,unet,sz3,1E-3,10,0.32630406004758383,pole,0.07310377159839013,0,101
487,unet,sz3,1E-3,10,0.32630406004758383,traffic light,0.008322368421052632,0,101
488,unet,sz3,1E-3,10,0.32630406004758383,traffic sign,0.1105567300916138,0,101
489,unet,sz3,1E-3,10,0.32630406004758383,vegetation,0.7361080738365784,0,101
490,unet,sz3,1E-3,10,0.32630406004758383,terrain,0.3195496548061604,0,101
491,unet,sz3,1E-3,10,0.32630406004758383,sky,0.7662756327954028,0,101
492,unet,sz3,1E-3,10,0.32630406004758383,person,0.3466833162798212,0,101
493,unet,sz3,1E-3,10,0.32630406004758383,rider,0.018248491323304365,0,101
494,unet,sz3,1E-3,10,0.32630406004758383,car,0.7596399322749975,0,101
495,unet,sz3,1E-3,10,0.32630406004758383,truck,0.1120942444080742,0,101
496,unet,sz3,1E-3,10,0.32630406004758383,bus,0.2850142472614693,0,101
497,unet,sz3,1E-3,10,0.32630406004758383,train,0.020248613998614,0,101
498,unet,sz3,1E-3,10,0.32630406004758383,motorcycle,0.0023149996008621377,0,101
499,unet,sz3,1E-3,10,0.32630406004758383,bicycle,0.32138659337082515,0,101
500,unet,sz3,1E-2,10,0.26758516628181184,unlabeled,0.35701558250534304,0,101
501,unet,sz3,1E-2,10,0.26758516628181184,road,0.8419534538523178,0,101
502,unet,sz3,1E-2,10,0.26758516628181184,sidewalk,0.4211484650337212,0,101
503,unet,sz3,1E-2,10,0.26758516628181184,building,0.6380557779302632,0,101
504,unet,sz3,1E-2,10,0.26758516628181184,wall,0.034500216982496744,0,101
505,unet,sz3,1E-2,10,0.26758516628181184,fence,0.04086888448284692,0,101
506,unet,sz3,1E-2,10,0.26758516628181184,pole,0.056507297433316554,0,101
507,unet,sz3,1E-2,10,0.26758516628181184,traffic light,0.0,0,101
508,unet,sz3,1E-2,10,0.26758516628181184,traffic sign,0.026094442685243826,0,101
509,unet,sz3,1E-2,10,0.26758516628181184,vegetation,0.6161846312447012,0,101
510,unet,sz3,1E-2,10,0.26758516628181184,terrain,0.21189062507660852,0,101
511,unet,sz3,1E-2,10,0.26758516628181184,sky,0.7789684142499395,0,101
512,unet,sz3,1E-2,10,0.26758516628181184,person,0.25621075621075623,0,101
513,unet,sz3,1E-2,10,0.26758516628181184,rider,0.0017390261453585991,0,101
514,unet,sz3,1E-2,10,0.26758516628181184,car,0.6946464139197605,0,101
515,unet,sz3,1E-2,10,0.26758516628181184,truck,0.0004898958971218616,0,101
516,unet,sz3,1E-2,10,0.26758516628181184,bus,0.20621763372545127,0,101
517,unet,sz3,1E-2,10,0.26758516628181184,train,0.0185099320689173,0,101
518,unet,sz3,1E-2,10,0.26758516628181184,motorcycle,0.0,0,101
519,unet,sz3,1E-2,10,0.26758516628181184,bicycle,0.15070187619207226,0,101
520,unet,sz3,1E-1,10,0.04444852321173542,unlabeled,0.09630999620995509,0,101
521,unet,sz3,1E-1,10,0.04444852321173542,road,0.1292522601529743,0,101
522,unet,sz3,1E-1,10,0.04444852321173542,sidewalk,4.322038816848048e-05,0,101
523,unet,sz3,1E-1,10,0.04444852321173542,building,0.2818029777984823,0,101
524,unet,sz3,1E-1,10,0.04444852321173542,wall,0.0,0,101
525,unet,sz3,1E-1,10,0.04444852321173542,fence,0.0,0,101
526,unet,sz3,1E-1,10,0.04444852321173542,pole,0.003585445805068335,0,101
527,unet,sz3,1E-1,10,0.04444852321173542,traffic light,0.009703896103896104,0,101
528,unet,sz3,1E-1,10,0.04444852321173542,traffic sign,0.0,0,101
529,unet,sz3,1E-1,10,0.04444852321173542,vegetation,0.04731476321365713,0,101
530,unet,sz3,1E-1,10,0.04444852321173542,terrain,0.0,0,101
531,unet,sz3,1E-1,10,0.04444852321173542,sky,0.17152640148444478,0,101
532,unet,sz3,1E-1,10,0.04444852321173542,person,0.015867584199520602,0,101
533,unet,sz3,1E-1,10,0.04444852321173542,rider,0.0,0,101
534,unet,sz3,1E-1,10,0.04444852321173542,car,0.1334874440616984,0,101
535,unet,sz3,1E-1,10,0.04444852321173542,truck,0.0,0,101
536,unet,sz3,1E-1,10,0.04444852321173542,bus,0.0,0,101
537,unet,sz3,1E-1,10,0.04444852321173542,train,7.647481684281366e-05,0,101
538,unet,sz3,1E-1,10,0.04444852321173542,motorcycle,0.0,0,101
539,unet,sz3,1E-1,10,0.04444852321173542,bicycle,0.0,0,101
540,unet,sz3,base,10,0.4476537694050934,unlabeled,0.489158380377163,0,50
541,unet,sz3,base,10,0.4476537694050934,road,0.903320472581309,0,50
542,unet,sz3,base,10,0.4476537694050934,sidewalk,0.5893525105104145,0,50
543,unet,sz3,base,10,0.4476537694050934,building,0.7656671313927456,0,50
544,unet,sz3,base,10,0.4476537694050934,wall,0.26087657322462354,0,50
545,unet,sz3,base,10,0.4476537694050934,fence,0.2004496423045009,0,50
546,unet,sz3,base,10,0.4476537694050934,pole,0.10765116242856476,0,50
547,unet,sz3,base,10,0.4476537694050934,traffic light,0.18847811295078248,0,50
548,unet,sz3,base,10,0.4476537694050934,traffic sign,0.28814156520377404,0,50
549,unet,sz3,base,10,0.4476537694050934,vegetation,0.8004363375099701,0,50
550,unet,sz3,base,10,0.4476537694050934,terrain,0.43657841331659764,0,50
551,unet,sz3,base,10,0.4476537694050934,sky,0.7924885940812976,0,50
552,unet,sz3,base,10,0.4476537694050934,person,0.43551900958010537,0,50
553,unet,sz3,base,10,0.4476537694050934,rider,0.1734362307067425,0,50
554,unet,sz3,base,10,0.4476537694050934,car,0.7984044516168054,0,50
555,unet,sz3,base,10,0.4476537694050934,truck,0.41619301510655066,0,50
556,unet,sz3,base,10,0.4476537694050934,bus,0.5146703171343828,0,50
557,unet,sz3,base,10,0.4476537694050934,train,0.2616169989964658,0,50
558,unet,sz3,base,10,0.4476537694050934,motorcycle,0.1597447729732809,0,50
559,unet,sz3,base,10,0.4476537694050934,bicycle,0.37089169610578837,0,50
560,unet,sz3,base,10,0.44376139537896153,unlabeled,0.4811544131298919,1,50
561,unet,sz3,base,10,0.44376139537896153,road,0.9044419036977785,1,50
562,unet,sz3,base,10,0.44376139537896153,sidewalk,0.5778134182391705,1,50
563,unet,sz3,base,10,0.44376139537896153,building,0.7681897954394703,1,50
564,unet,sz3,base,10,0.44376139537896153,wall,0.12585709330046424,1,50
565,unet,sz3,base,10,0.44376139537896153,fence,0.16835602297769733,1,50
566,unet,sz3,base,10,0.44376139537896153,pole,0.1463241742180649,1,50
567,unet,sz3,base,10,0.44376139537896153,traffic light,0.1879523501084232,1,50
568,unet,sz3,base,10,0.44376139537896153,traffic sign,0.2998903187454474,1,50
569,unet,sz3,base,10,0.44376139537896153,vegetation,0.793344020118944,1,50
570,unet,sz3,base,10,0.44376139537896153,terrain,0.3950729866714245,1,50
571,unet,sz3,base,10,0.44376139537896153,sky,0.8141251399690697,1,50
572,unet,sz3,base,10,0.44376139537896153,person,0.4419467649112025,1,50
573,unet,sz3,base,10,0.44376139537896153,rider,0.19563162600587558,1,50
574,unet,sz3,base,10,0.44376139537896153,car,0.8035071817103558,1,50
575,unet,sz3,base,10,0.44376139537896153,truck,0.354190474516078,1,50
576,unet,sz3,base,10,0.44376139537896153,bus,0.4701965938964453,1,50
577,unet,sz3,base,10,0.44376139537896153,train,0.4219349049677788,1,50
578,unet,sz3,base,10,0.44376139537896153,motorcycle,0.1376828554710357,1,50
579,unet,sz3,base,10,0.44376139537896153,bicycle,0.3876158694846125,1,50
580,unet,sz3,base,10,0.4433419728915868,unlabeled,0.49497305225481464,2,50
581,unet,sz3,base,10,0.4433419728915868,road,0.9017309813432909,2,50
582,unet,sz3,base,10,0.4433419728915868,sidewalk,0.5833321627170072,2,50
583,unet,sz3,base,10,0.4433419728915868,building,0.7727155996115641,2,50
584,unet,sz3,base,10,0.4433419728915868,wall,0.2830798282755263,2,50
585,unet,sz3,base,10,0.4433419728915868,fence,0.22919584483077163,2,50
586,unet,sz3,base,10,0.4433419728915868,pole,0.12355662091050394,2,50
587,unet,sz3,base,10,0.4433419728915868,traffic light,0.16110636740668455,2,50
588,unet,sz3,base,10,0.4433419728915868,traffic sign,0.29019138548522766,2,50
589,unet,sz3,base,10,0.4433419728915868,vegetation,0.804473491205795,2,50
590,unet,sz3,base,10,0.4433419728915868,terrain,0.4428905407025536,2,50
591,unet,sz3,base,10,0.4433419728915868,sky,0.8181586787024047,2,50
592,unet,sz3,base,10,0.4433419728915868,person,0.4505149793599542,2,50
593,unet,sz3,base,10,0.4433419728915868,rider,0.17882002414404233,2,50
594,unet,sz3,base,10,0.4433419728915868,car,0.8143216102869508,2,50
595,unet,sz3,base,10,0.4433419728915868,truck,0.44243534676959123,2,50
596,unet,sz3,base,10,0.4433419728915868,bus,0.4352306239727704,2,50
597,unet,sz3,base,10,0.4433419728915868,train,0.1473478391657475,2,50
598,unet,sz3,base,10,0.4433419728915868,motorcycle,0.12448966773443879,2,50
599,unet,sz3,base,10,0.4433419728915868,bicycle,0.36827481295209713,2,50
600,unet,sz3,1E-7,10,0.3005834796087076,unlabeled,0.407005986096612,0,50
601,unet,sz3,1E-7,10,0.3005834796087076,road,0.852587376331541,0,50
602,unet,sz3,1E-7,10,0.3005834796087076,sidewalk,0.3976860657988575,0,50
603,unet,sz3,1E-7,10,0.3005834796087076,building,0.7241581516140144,0,50
604,unet,sz3,1E-7,10,0.3005834796087076,wall,0.1104458341738955,0,50
605,unet,sz3,1E-7,10,0.3005834796087076,fence,0.07699571822394276,0,50
606,unet,sz3,1E-7,10,0.3005834796087076,pole,0.05196585898493828,0,50
607,unet,sz3,1E-7,10,0.3005834796087076,traffic light,0.0,0,50
608,unet,sz3,1E-7,10,0.3005834796087076,traffic sign,0.13597336466901686,0,50
609,unet,sz3,1E-7,10,0.3005834796087076,vegetation,0.7653494400071934,0,50
610,unet,sz3,1E-7,10,0.3005834796087076,terrain,0.3876488476148546,0,50
611,unet,sz3,1E-7,10,0.3005834796087076,sky,0.654110223366349,0,50
612,unet,sz3,1E-7,10,0.3005834796087076,person,0.30980403493620207,0,50
613,unet,sz3,1E-7,10,0.3005834796087076,rider,0.0007146898543819422,0,50
614,unet,sz3,1E-7,10,0.3005834796087076,car,0.7116252586444867,0,50
615,unet,sz3,1E-7,10,0.3005834796087076,truck,0.02432324757291732,0,50
616,unet,sz3,1E-7,10,0.3005834796087076,bus,0.16813929102688116,0,50
617,unet,sz3,1E-7,10,0.3005834796087076,train,0.0,0,50
618,unet,sz3,1E-7,10,0.3005834796087076,motorcycle,0.0,0,50
619,unet,sz3,1E-7,10,0.3005834796087076,bicycle,0.23313620325806803,0,50
620,unet,sz3,1E-6,10,0.3579739169356001,unlabeled,0.4386424473963582,0,50
621,unet,sz3,1E-6,10,0.3579739169356001,road,0.8830287442291617,0,50
622,unet,sz3,1E-6,10,0.3579739169356001,sidewalk,0.5258240981997078,0,50
623,unet,sz3,1E-6,10,0.3579739169356001,building,0.7379979590433136,0,50
624,unet,sz3,1E-6,10,0.3579739169356001,wall,0.16351659867510013,0,50
625,unet,sz3,1E-6,10,0.3579739169356001,fence,0.10494971556277936,0,50
626,unet,sz3,1E-6,10,0.3579739169356001,pole,0.0734211010863561,0,50
627,unet,sz3,1E-6,10,0.3579739169356001,traffic light,0.01087212629169612,0,50
628,unet,sz3,1E-6,10,0.3579739169356001,traffic sign,0.1990657049274221,0,50
629,unet,sz3,1E-6,10,0.3579739169356001,vegetation,0.7779141751194625,0,50
630,unet,sz3,1E-6,10,0.3579739169356001,terrain,0.3756690777064724,0,50
631,unet,sz3,1E-6,10,0.3579739169356001,sky,0.7623368710728221,0,50
632,unet,sz3,1E-6,10,0.3579739169356001,person,0.38785578316978586,0,50
633,unet,sz3,1E-6,10,0.3579739169356001,rider,0.013841548356501377,0,50
634,unet,sz3,1E-6,10,0.3579739169356001,car,0.7753004441462785,0,50
635,unet,sz3,1E-6,10,0.3579739169356001,truck,0.16667841285502855,0,50
636,unet,sz3,1E-6,10,0.3579739169356001,bus,0.31812517971820187,0,50
637,unet,sz3,1E-6,10,0.3579739169356001,train,0.06097646154920724,0,50
638,unet,sz3,1E-6,10,0.3579739169356001,motorcycle,0.02693170888105162,0,50
639,unet,sz3,1E-6,10,0.3579739169356001,bicycle,0.3565301807252949,0,50
640,unet,sz3,1E-6,10,0.46106098987822036,unlabeled,0.48095635814960963,1,50
641,unet,sz3,1E-6,10,0.46106098987822036,road,0.8952496749763976,1,50
642,unet,sz3,1E-6,10,0.46106098987822036,sidewalk,0.5678698909814092,1,50
643,unet,sz3,1E-6,10,0.46106098987822036,building,0.7746575018952543,1,50
644,unet,sz3,1E-6,10,0.46106098987822036,wall,0.26714834720705644,1,50
645,unet,sz3,1E-6,10,0.46106098987822036,fence,0.20418222448517764,1,50
646,unet,sz3,1E-6,10,0.46106098987822036,pole,0.13138598026494464,1,50
647,unet,sz3,1E-6,10,0.46106098987822036,traffic light,0.20010997931341487,1,50
648,unet,sz3,1E-6,10,0.46106098987822036,traffic sign,0.2852366828398512,1,50
649,unet,sz3,1E-6,10,0.46106098987822036,vegetation,0.8043291926618937,1,50
650,unet,sz3,1E-6,10,0.46106098987822036,terrain,0.43678729987891834,1,50
651,unet,sz3,1E-6,10,0.46106098987822036,sky,0.81528254347652,1,50
652,unet,sz3,1E-6,10,0.46106098987822036,person,0.44482038374360866,1,50
653,unet,sz3,1E-6,10,0.46106098987822036,rider,0.24038873803058453,1,50
654,unet,sz3,1E-6,10,0.46106098987822036,car,0.8119192385830194,1,50
655,unet,sz3,1E-6,10,0.46106098987822036,truck,0.39879479748356544,1,50
656,unet,sz3,1E-6,10,0.46106098987822036,bus,0.514224174441258,1,50
657,unet,sz3,1E-6,10,0.46106098987822036,train,0.42130095955044267,1,50
658,unet,sz3,1E-6,10,0.46106098987822036,motorcycle,0.15127004399035052,1,50
659,unet,sz3,1E-6,10,0.46106098987822036,bicycle,0.37530578561112915,1,50
660,unet,sz3,1E-6,10,0.44305652197301615,unlabeled,0.4750477619261832,2,50
661,unet,sz3,1E-6,10,0.44305652197301615,road,0.8937682846473415,2,50
662,unet,sz3,1E-6,10,0.44305652197301615,sidewalk,0.5828892480652398,2,50
663,unet,sz3,1E-6,10,0.44305652197301615,building,0.769017424583033,2,50
664,unet,sz3,1E-6,10,0.44305652197301615,wall,0.2312733380321821,2,50
665,unet,sz3,1E-6,10,0.44305652197301615,fence,0.2203720965867736,2,50
666,unet,sz3,1E-6,10,0.44305652197301615,pole,0.11506134969325153,2,50
667,unet,sz3,1E-6,10,0.44305652197301615,traffic light,0.18122605363984676,2,50
668,unet,sz3,1E-6,10,0.44305652197301615,traffic sign,0.288949282355757,2,50
669,unet,sz3,1E-6,10,0.44305652197301615,vegetation,0.801933597262183,2,50
670,unet,sz3,1E-6,10,0.44305652197301615,terrain,0.40790521766945353,2,50
671,unet,sz3,1E-6,10,0.44305652197301615,sky,0.8142971078369643,2,50
672,unet,sz3,1E-6,10,0.44305652197301615,person,0.424567631437649,2,50
673,unet,sz3,1E-6,10,0.44305652197301615,rider,0.19607020315469872,2,50
674,unet,sz3,1E-6,10,0.44305652197301615,car,0.7986409987980303,2,50
675,unet,sz3,1E-6,10,0.44305652197301615,truck,0.3424715657964524,2,50
676,unet,sz3,1E-6,10,0.44305652197301615,bus,0.33536027301636545,2,50
677,unet,sz3,1E-6,10,0.44305652197301615,train,0.37751111587293085,2,50
678,unet,sz3,1E-6,10,0.44305652197301615,motorcycle,0.20610640870616687,2,50
679,unet,sz3,1E-6,10,0.44305652197301615,bicycle,0.39866148037981924,2,50
680,unet,sz3,1E-5,10,0.35924114182504086,unlabeled,0.42010348836252204,0,50
681,unet,sz3,1E-5,10,0.35924114182504086,road,0.8663272593760392,0,50
682,unet,sz3,1E-5,10,0.35924114182504086,sidewalk,0.45774313969735186,0,50
683,unet,sz3,1E-5,10,0.35924114182504086,building,0.7434481248266666,0,50
684,unet,sz3,1E-5,10,0.35924114182504086,wall,0.1977489700940624,0,50
685,unet,sz3,1E-5,10,0.35924114182504086,fence,0.19248043781900503,0,50
686,unet,sz3,1E-5,10,0.35924114182504086,pole,0.06091421667337898,0,50
687,unet,sz3,1E-5,10,0.35924114182504086,traffic light,0.03482571154461145,0,50
688,unet,sz3,1E-5,10,0.35924114182504086,traffic sign,0.17279881678413614,0,50
689,unet,sz3,1E-5,10,0.35924114182504086,vegetation,0.7762505233829496,0,50
690,unet,sz3,1E-5,10,0.35924114182504086,terrain,0.3327809617248352,0,50
691,unet,sz3,1E-5,10,0.35924114182504086,sky,0.7564028528313339,0,50
692,unet,sz3,1E-5,10,0.35924114182504086,person,0.3821660501136272,0,50
693,unet,sz3,1E-5,10,0.35924114182504086,rider,0.013200024164803963,0,50
694,unet,sz3,1E-5,10,0.35924114182504086,car,0.752775204515889,0,50
695,unet,sz3,1E-5,10,0.35924114182504086,truck,0.18222718236668642,0,50
696,unet,sz3,1E-5,10,0.35924114182504086,bus,0.2973877889499326,0,50
697,unet,sz3,1E-5,10,0.35924114182504086,train,0.18408708735286308,0,50
698,unet,sz3,1E-5,10,0.35924114182504086,motorcycle,0.04560650980886898,0,50
699,unet,sz3,1E-5,10,0.35924114182504086,bicycle,0.31554848611125225,0,50
700,unet,sz3,1E-4,10,0.37662533600720055,unlabeled,0.44126236059209184,0,50
701,unet,sz3,1E-4,10,0.37662533600720055,road,0.8733384473270319,0,50
702,unet,sz3,1E-4,10,0.37662533600720055,sidewalk,0.5295523397746993,0,50
703,unet,sz3,1E-4,10,0.37662533600720055,building,0.7476122479151438,0,50
704,unet,sz3,1E-4,10,0.37662533600720055,wall,0.1799864585967517,0,50
705,unet,sz3,1E-4,10,0.37662533600720055,fence,0.12294914760308903,0,50
706,unet,sz3,1E-4,10,0.37662533600720055,pole,0.09054647619801354,0,50
707,unet,sz3,1E-4,10,0.37662533600720055,traffic light,0.0800369401262121,0,50
708,unet,sz3,1E-4,10,0.37662533600720055,traffic sign,0.2010736858807662,0,50
709,unet,sz3,1E-4,10,0.37662533600720055,vegetation,0.7810986930972477,0,50
710,unet,sz3,1E-4,10,0.37662533600720055,terrain,0.4020164023522659,0,50
711,unet,sz3,1E-4,10,0.37662533600720055,sky,0.7867204088686979,0,50
712,unet,sz3,1E-4,10,0.37662533600720055,person,0.39321030795996964,0,50
713,unet,sz3,1E-4,10,0.37662533600720055,rider,0.04682067960076259,0,50
714,unet,sz3,1E-4,10,0.37662533600720055,car,0.7682220509287832,0,50
715,unet,sz3,1E-4,10,0.37662533600720055,truck,0.22729087801683517,0,50
716,unet,sz3,1E-4,10,0.37662533600720055,bus,0.3302973789593905,0,50
717,unet,sz3,1E-4,10,0.37662533600720055,train,0.17463449997986225,0,50
718,unet,sz3,1E-4,10,0.37662533600720055,motorcycle,0.009944341372912802,0,50
719,unet,sz3,1E-4,10,0.37662533600720055,bicycle,0.34589297499348354,0,50
720,unet,sz3,1E-3,10,0.41377354252036647,unlabeled,0.4651359166205475,0,50
721,unet,sz3,1E-3,10,0.41377354252036647,road,0.8844212470909383,0,50
722,unet,sz3,1E-3,10,0.41377354252036647,sidewalk,0.5472357764475074,0,50
723,unet,sz3,1E-3,10,0.41377354252036647,building,0.7616272855950075,0,50
724,unet,sz3,1E-3,10,0.41377354252036647,wall,0.12850550230741925,0,50
725,unet,sz3,1E-3,10,0.41377354252036647,fence,0.20294968766838964,0,50
726,unet,sz3,1E-3,10,0.41377354252036647,pole,0.14284247351424847,0,50
727,unet,sz3,1E-3,10,0.41377354252036647,traffic light,0.16792554244815977,0,50
728,unet,sz3,1E-3,10,0.41377354252036647,traffic sign,0.2824478921799091,0,50
729,unet,sz3,1E-3,10,0.41377354252036647,vegetation,0.7801022549505895,0,50
730,unet,sz3,1E-3,10,0.41377354252036647,terrain,0.3367399049159199,0,50
731,unet,sz3,1E-3,10,0.41377354252036647,sky,0.791750308574053,0,50
732,unet,sz3,1E-3,10,0.41377354252036647,person,0.41902340340035193,0,50
733,unet,sz3,1E-3,10,0.41377354252036647,rider,0.1977820468040517,0,50
734,unet,sz3,1E-3,10,0.41377354252036647,car,0.7884295770829335,0,50
735,unet,sz3,1E-3,10,0.41377354252036647,truck,0.27796539026577377,0,50
736,unet,sz3,1E-3,10,0.41377354252036647,bus,0.44376758852182957,0,50
737,unet,sz3,1E-3,10,0.41377354252036647,train,0.1428397132835138,0,50
738,unet,sz3,1E-3,10,0.41377354252036647,motorcycle,0.13721506127373168,0,50
739,unet,sz3,1E-3,10,0.41377354252036647,bicycle,0.37676427746245417,0,50
740,unet,sz3,1E-3,10,0.4446946930153528,unlabeled,0.49992204822155545,1,50
741,unet,sz3,1E-3,10,0.4446946930153528,road,0.8954267776853821,1,50
742,unet,sz3,1E-3,10,0.4446946930153528,sidewalk,0.5827318771603108,1,50
743,unet,sz3,1E-3,10,0.4446946930153528,building,0.7655370672378017,1,50
744,unet,sz3,1E-3,10,0.4446946930153528,wall,0.22003785998013903,1,50
745,unet,sz3,1E-3,10,0.4446946930153528,fence,0.2365242957009727,1,50
746,unet,sz3,1E-3,10,0.4446946930153528,pole,0.13781896340148297,1,50
747,unet,sz3,1E-3,10,0.4446946930153528,traffic light,0.18531638337380374,1,50
748,unet,sz3,1E-3,10,0.4446946930153528,traffic sign,0.3097912919820988,1,50
749,unet,sz3,1E-3,10,0.4446946930153528,vegetation,0.7761314476621672,1,50
750,unet,sz3,1E-3,10,0.4446946930153528,terrain,0.398161427339015,1,50
751,unet,sz3,1E-3,10,0.4446946930153528,sky,0.816308220081805,1,50
752,unet,sz3,1E-3,10,0.4446946930153528,person,0.4479095822089613,1,50
753,unet,sz3,1E-3,10,0.4446946930153528,rider,0.2592776570423264,1,50
754,unet,sz3,1E-3,10,0.4446946930153528,car,0.8102844352456503,1,50
755,unet,sz3,1E-3,10,0.4446946930153528,truck,0.43420238340817846,1,50
756,unet,sz3,1E-3,10,0.4446946930153528,bus,0.3708117832246458,1,50
757,unet,sz3,1E-3,10,0.4446946930153528,train,0.257023996141324,1,50
758,unet,sz3,1E-3,10,0.4446946930153528,motorcycle,0.10926773455377574,1,50
759,unet,sz3,1E-3,10,0.4446946930153528,bicycle,0.38140862865565894,1,50
760,unet,sz3,1E-2,10,0.2841157694637506,unlabeled,0.4229205751903426,0,50
761,unet,sz3,1E-2,10,0.2841157694637506,road,0.8607237098239391,0,50
762,unet,sz3,1E-2,10,0.2841157694637506,sidewalk,0.2603621843540858,0,50
763,unet,sz3,1E-2,10,0.2841157694637506,building,0.6229449604859885,0,50
764,unet,sz3,1E-2,10,0.2841157694637506,wall,0.04844552759847187,0,50
765,unet,sz3,1E-2,10,0.2841157694637506,fence,0.1018694695742589,0,50
766,unet,sz3,1E-2,10,0.2841157694637506,pole,0.041205375391742745,0,50
767,unet,sz3,1E-2,10,0.2841157694637506,traffic light,0.0708225852679851,0,50
768,unet,sz3,1E-2,10,0.2841157694637506,traffic sign,0.15738341422240978,0,50
769,unet,sz3,1E-2,10,0.2841157694637506,vegetation,0.6102127515048533,0,50
770,unet,sz3,1E-2,10,0.2841157694637506,terrain,0.1696245595287211,0,50
771,unet,sz3,1E-2,10,0.2841157694637506,sky,0.7954984442056754,0,50
772,unet,sz3,1E-2,10,0.2841157694637506,person,0.3299854412070563,0,50
773,unet,sz3,1E-2,10,0.2841157694637506,rider,0.08227919712158584,0,50
774,unet,sz3,1E-2,10,0.2841157694637506,car,0.6862417985982041,0,50
775,unet,sz3,1E-2,10,0.2841157694637506,truck,0.007702347076317422,0,50
776,unet,sz3,1E-2,10,0.2841157694637506,bus,0.2000856923884641,0,50
777,unet,sz3,1E-2,10,0.2841157694637506,train,0.05796347545031454,0,50
778,unet,sz3,1E-2,10,0.2841157694637506,motorcycle,0.03973082967320788,0,50
779,unet,sz3,1E-2,10,0.2841157694637506,bicycle,0.11631305061138691,0,50
780,unet,sz3,1E-2,10,0.30775730657689837,unlabeled,0.4700427359026859,1,50
781,unet,sz3,1E-2,10,0.30775730657689837,road,0.8683351602379487,1,50
782,unet,sz3,1E-2,10,0.30775730657689837,sidewalk,0.3394932423634801,1,50
783,unet,sz3,1E-2,10,0.30775730657689837,building,0.649501460558006,1,50
784,unet,sz3,1E-2,10,0.30775730657689837,wall,0.02927258292990458,1,50
785,unet,sz3,1E-2,10,0.30775730657689837,fence,0.09227004654137208,1,50
786,unet,sz3,1E-2,10,0.30775730657689837,pole,0.08122865813849509,1,50
787,unet,sz3,1E-2,10,0.30775730657689837,traffic light,0.1424440972788957,1,50
788,unet,sz3,1E-2,10,0.30775730657689837,traffic sign,0.09267717695594518,1,50
789,unet,sz3,1E-2,10,0.30775730657689837,vegetation,0.6672740142404544,1,50
790,unet,sz3,1E-2,10,0.30775730657689837,terrain,0.21023715293216466,1,50
791,unet,sz3,1E-2,10,0.30775730657689837,sky,0.7753783333005441,1,50
792,unet,sz3,1E-2,10,0.30775730657689837,person,0.33820505463500944,1,50
793,unet,sz3,1E-2,10,0.30775730657689837,rider,0.08006827137873046,1,50
794,unet,sz3,1E-2,10,0.30775730657689837,car,0.7479437923564423,1,50
795,unet,sz3,1E-2,10,0.30775730657689837,truck,0.22671561705732843,1,50
796,unet,sz3,1E-2,10,0.30775730657689837,bus,0.15293283951277561,1,50
797,unet,sz3,1E-2,10,0.30775730657689837,train,0.021391870106137172,1,50
798,unet,sz3,1E-2,10,0.30775730657689837,motorcycle,0.023995686168778646,1,50
799,unet,sz3,1E-2,10,0.30775730657689837,bicycle,0.14573833894286925,1,50
800,unet,sz3,1E-2,10,0.322759632888147,unlabeled,0.4197470143647572,2,50
801,unet,sz3,1E-2,10,0.322759632888147,road,0.8376433747416582,2,50
802,unet,sz3,1E-2,10,0.322759632888147,sidewalk,0.18136066217808905,2,50
803,unet,sz3,1E-2,10,0.322759632888147,building,0.6900242695804594,2,50
804,unet,sz3,1E-2,10,0.322759632888147,wall,0.06649450139956496,2,50
805,unet,sz3,1E-2,10,0.322759632888147,fence,0.10880461339465364,2,50
806,unet,sz3,1E-2,10,0.322759632888147,pole,0.06593999974884784,2,50
807,unet,sz3,1E-2,10,0.322759632888147,traffic light,0.15304741581221049,2,50
808,unet,sz3,1E-2,10,0.322759632888147,traffic sign,0.17504129198017984,2,50
809,unet,sz3,1E-2,10,0.322759632888147,vegetation,0.6344825048475509,2,50
810,unet,sz3,1E-2,10,0.322759632888147,terrain,0.20455089432998028,2,50
811,unet,sz3,1E-2,10,0.322759632888147,sky,0.8180049258566596,2,50
812,unet,sz3,1E-2,10,0.322759632888147,person,0.3248993135384565,2,50
813,unet,sz3,1E-2,10,0.322759632888147,rider,0.16441569970198466,2,50
814,unet,sz3,1E-2,10,0.322759632888147,car,0.7510824071468768,2,50
815,unet,sz3,1E-2,10,0.322759632888147,truck,0.2848046122901182,2,50
816,unet,sz3,1E-2,10,0.322759632888147,bus,0.29633090200333556,2,50
817,unet,sz3,1E-2,10,0.322759632888147,train,0.04089651748350947,2,50
818,unet,sz3,1E-2,10,0.322759632888147,motorcycle,0.024457948833370845,2,50
819,unet,sz3,1E-2,10,0.322759632888147,bicycle,0.2131637885306772,2,50
820,unet,sz3,1E-1,10,0.07497474250947665,unlabeled,0.1906674000544193,0,50
821,unet,sz3,1E-1,10,0.07497474250947665,road,0.007536193890954228,0,50
822,unet,sz3,1E-1,10,0.07497474250947665,sidewalk,0.0031703278764982977,0,50
823,unet,sz3,1E-1,10,0.07497474250947665,building,0.24766876632008777,0,50
824,unet,sz3,1E-1,10,0.07497474250947665,wall,0.0,0,50
825,unet,sz3,1E-1,10,0.07497474250947665,fence,0.002520969583380079,0,50
826,unet,sz3,1E-1,10,0.07497474250947665,pole,0.028623252340130415,0,50
827,unet,sz3,1E-1,10,0.07497474250947665,traffic light,0.014373916353025753,0,50
828,unet,sz3,1E-1,10,0.07497474250947665,traffic sign,0.012631969210126761,0,50
829,unet,sz3,1E-1,10,0.07497474250947665,vegetation,0.37567275148890605,0,50
830,unet,sz3,1E-1,10,0.07497474250947665,terrain,0.0,0,50
831,unet,sz3,1E-1,10,0.07497474250947665,sky,0.3598924362794847,0,50
832,unet,sz3,1E-1,10,0.07497474250947665,person,0.03483742080849453,0,50
833,unet,sz3,1E-1,10,0.07497474250947665,rider,0.017045706105462004,0,50
834,unet,sz3,1E-1,10,0.07497474250947665,car,0.13931409031479433,0,50
835,unet,sz3,1E-1,10,0.07497474250947665,truck,0.006274738704558306,0,50
836,unet,sz3,1E-1,10,0.07497474250947665,bus,0.0,0,50
837,unet,sz3,1E-1,10,0.07497474250947665,train,0.0359489837761679,0,50
838,unet,sz3,1E-1,10,0.07497474250947665,motorcycle,0.02285063767302965,0,50
839,unet,sz3,1E-1,10,0.07497474250947665,bicycle,0.0004652894100130281,0,50
840,unet,sz3,1E-1,10,0.07925187041308399,unlabeled,0.10922999356951801,1,50
841,unet,sz3,1E-1,10,0.07925187041308399,road,0.5671713258440855,1,50
842,unet,sz3,1E-1,10,0.07925187041308399,sidewalk,0.00017316874056848823,1,50
843,unet,sz3,1E-1,10,0.07925187041308399,building,0.3263682410781678,1,50
844,unet,sz3,1E-1,10,0.07925187041308399,wall,0.0,1,50
845,unet,sz3,1E-1,10,0.07925187041308399,fence,0.0024136394929737174,1,50
846,unet,sz3,1E-1,10,0.07925187041308399,pole,0.0039095336580158785,1,50
847,unet,sz3,1E-1,10,0.07925187041308399,traffic light,0.013003211022286592,1,50
848,unet,sz3,1E-1,10,0.07925187041308399,traffic sign,0.0001974216729512566,1,50
849,unet,sz3,1E-1,10,0.07925187041308399,vegetation,0.08019686993259564,1,50
850,unet,sz3,1E-1,10,0.07925187041308399,terrain,0.0,1,50
851,unet,sz3,1E-1,10,0.07925187041308399,sky,0.1368080144317068,1,50
852,unet,sz3,1E-1,10,0.07925187041308399,person,0.023647247269053952,1,50
853,unet,sz3,1E-1,10,0.07925187041308399,rider,0.018448015703324713,1,50
854,unet,sz3,1E-1,10,0.07925187041308399,car,0.24652653020943818,1,50
855,unet,sz3,1E-1,10,0.07925187041308399,truck,0.0,1,50
856,unet,sz3,1E-1,10,0.07925187041308399,bus,0.0,1,50
857,unet,sz3,1E-1,10,0.07925187041308399,train,0.004539771806895635,1,50
858,unet,sz3,1E-1,10,0.07925187041308399,motorcycle,0.02383364232335009,1,50
859,unet,sz3,1E-1,10,0.07925187041308399,bicycle,0.028570781506747626,1,50
860,unet,sz3,1E-1,10,0.12205975326737825,unlabeled,0.19690287027705816,2,50
861,unet,sz3,1E-1,10,0.12205975326737825,road,0.2244497071313614,2,50
862,unet,sz3,1E-1,10,0.12205975326737825,sidewalk,0.001563537370641038,2,50
863,unet,sz3,1E-1,10,0.12205975326737825,building,0.37700641088819564,2,50
864,unet,sz3,1E-1,10,0.12205975326737825,wall,0.0016066163381927392,2,50
865,unet,sz3,1E-1,10,0.12205975326737825,fence,0.018612362112134132,2,50
866,unet,sz3,1E-1,10,0.12205975326737825,pole,0.06165503535213244,2,50
867,unet,sz3,1E-1,10,0.12205975326737825,traffic light,0.017879469867466868,2,50
868,unet,sz3,1E-1,10,0.12205975326737825,traffic sign,0.0077253649482467435,2,50
869,unet,sz3,1E-1,10,0.12205975326737825,vegetation,0.48105762733891644,2,50
870,unet,sz3,1E-1,10,0.12205975326737825,terrain,0.0030535676242928267,2,50
871,unet,sz3,1E-1,10,0.12205975326737825,sky,0.5324907750278214,2,50
872,unet,sz3,1E-1,10,0.12205975326737825,person,0.023229084590274653,2,50
873,unet,sz3,1E-1,10,0.12205975326737825,rider,0.0164749957366985,2,50
874,unet,sz3,1E-1,10,0.12205975326737825,car,0.2704611463216745,2,50
875,unet,sz3,1E-1,10,0.12205975326737825,truck,0.12673699783370612,2,50
876,unet,sz3,1E-1,10,0.12205975326737825,bus,0.0,2,50
877,unet,sz3,1E-1,10,0.12205975326737825,train,0.010467858586766092,2,50
878,unet,sz3,1E-1,10,0.12205975326737825,motorcycle,0.04947799214900192,2,50
879,unet,sz3,1E-1,10,0.12205975326737825,bicycle,0.020343645852983715,2,50
